Position ID,Type,Entry Time,Exit Time,Volume,Entry Price,Exit Price,Profit (USD),Percentage Return (%)
8573056467135755,Short,2024-04-18 07:36:00,2024-04-18 07:56:00,1.0,60586.75,60191.31,395.43,0.6526706996247468
1827639557617228,Long,2023-12-14 15:28:00,2023-12-14 16:13:00,1.0,60007.5,60882.41,874.91,1.458000790610551
2043906038790575,Short,2024-09-16 22:53:00,2024-09-16 23:01:00,1.0,61604.06,62058.77,-454.71,-0.7381207082467315
3606095825061330,Short,2024-06-01 05:28:00,2024-06-01 06:15:00,1.0,61919.57,61880.94,38.63,0.06238433458888818
3605025832229194,Short,2024-03-01 05:13:00,2024-03-01 05:47:00,1.0,60916.2,60948.2,-32.0,-0.052527754721597264
9035282361896478,Long,2024-04-11 08:30:00,2024-04-11 09:04:00,1.0,60281.95,59343.15,-938.8,-1.5573497372660465
9129921925073993,Long,2024-07-15 14:50:00,2024-07-15 15:03:00,1.0,60146.5,60245.33,98.82,0.1643060827155048
4282185086281883,Short,2024-09-25 21:47:00,2024-09-25 21:53:00,1.0,60038.84,60965.15,-926.31,-1.542844339593454
2586566087792438,Short,2024-01-07 05:25:00,2024-01-07 05:49:00,1.0,60654.81,60231.13,423.68,0.698515914277804
3852999340211053,Long,2023-11-18 08:35:00,2023-11-18 09:22:00,1.0,60120.5,60659.58,539.08,0.8966575996856191
2464402556804133,Short,2023-12-31 22:56:00,2023-12-31 22:59:00,1.0,60224.84,61313.31,-1088.47,-1.8073403043013296
1952307883348177,Long,2024-06-20 16:32:00,2024-06-20 17:27:00,1.0,62171.86,62333.78,161.92,0.26043593518371144
4010031894722770,Short,2024-01-21 19:02:00,2024-01-21 19:09:00,1.0,60740.58,60428.4,312.18,0.5139614483184836
6075578415482940,Long,2024-07-25 21:11:00,2024-07-25 21:23:00,1.0,60250.55,60198.39,-52.15,-0.08656062238376376
4180342879037597,Long,2023-12-08 20:56:00,2023-12-08 21:10:00,1.0,60358.16,60546.78,188.61,0.3124928663482034
6608127524813947,Long,2024-04-13 02:52:00,2024-04-13 03:48:00,1.0,60333.43,61226.46,893.04,1.4801696854415072
3316013457070855,Short,2024-06-16 07:47:00,2024-06-16 08:41:00,1.0,60634.61,60632.48,2.13,0.0035164921611526927
5373717979748894,Long,2024-10-30 18:22:00,2024-10-30 19:20:00,1.0,61628.59,61620.85,-7.74,-0.012556120242152637
8885741509257307,Short,2023-12-22 18:48:00,2023-12-22 19:02:00,1.0,60500.24,60157.67,342.57,0.5662290222212039
3665210868242026,Short,2024-02-08 00:03:00,2024-02-08 00:36:00,1.0,60760.54,60350.83,409.71,0.6743013261930384
4551756845639329,Short,2024-03-26 17:21:00,2024-03-26 18:11:00,1.0,60135.06,59715.23,419.83,0.6981466646406287
8240922392065163,Short,2024-07-02 11:25:00,2024-07-02 11:45:00,1.0,62037.72,61546.69,491.03,0.7915044805445011
3123613146397482,Short,2024-07-02 16:06:00,2024-07-02 16:08:00,1.0,61023.95,60567.42,456.53,0.7481151581501515
3710493005801533,Long,2024-02-10 11:24:00,2024-02-10 12:21:00,1.0,60451.36,59352.78,-1098.58,-1.8172897107512824
5524202221150920,Long,2024-06-13 21:25:00,2024-06-13 22:17:00,1.0,60828.63,61422.44,593.81,0.9761997300825159
8695644545830920,Long,2024-10-04 09:05:00,2024-10-04 10:03:00,1.0,60853.88,60997.81,143.94,0.2365282748948223
6631765058633831,Long,2024-02-12 14:28:00,2024-02-12 14:48:00,1.0,60850.58,60384.69,-465.89,-0.7656248212524901
9033369730053578,Short,2024-05-31 22:08:00,2024-05-31 23:03:00,1.0,60323.93,59960.77,363.16,0.6020143503313992
7661423784357497,Long,2024-03-31 09:35:00,2024-03-31 10:11:00,1.0,61308.8,61142.68,-166.12,-0.27095062103203804
6576797898134256,Short,2024-08-02 02:12:00,2024-08-02 02:51:00,1.0,60626.35,60702.94,-76.59,-0.12632894521117657
8456533828026366,Short,2024-01-03 19:09:00,2024-01-03 19:33:00,1.0,60469.6,60301.96,167.64,0.27723645676622466
4810509226867957,Long,2023-12-09 11:17:00,2023-12-09 11:41:00,1.0,60287.29,61048.46,761.17,1.262574599001134
7144245185813863,Long,2024-07-23 17:07:00,2024-07-23 18:01:00,1.0,61170.72,61105.18,-65.53,-0.10713281478499641
3006076976526661,Short,2024-05-16 11:25:00,2024-05-16 12:10:00,1.0,60326.92,59784.77,542.14,0.8986780262737476
8383064936662555,Long,2023-12-14 05:19:00,2023-12-14 05:49:00,1.0,60032.73,59835.08,-197.65,-0.3292383521299242
3645489607191059,Short,2023-11-07 07:46:00,2023-11-07 08:27:00,1.0,60057.07,59637.67,419.4,0.6983381031827733
6949106028119442,Long,2023-12-07 07:09:00,2023-12-07 07:38:00,1.0,60234.15,60315.28,81.13,0.13469534220600954
8436408644270583,Long,2024-06-14 02:45:00,2024-06-14 02:54:00,1.0,60366.49,60565.83,199.35,0.3302251113234589
5311610461036147,Long,2024-05-23 01:33:00,2024-05-23 01:41:00,1.0,61634.53,61452.7,-181.83,-0.2950157865575264
5762377192522607,Short,2024-03-17 06:07:00,2024-03-17 06:33:00,1.0,60764.8,60487.02,277.78,0.45714172997568464
9855487713954325,Long,2024-09-13 20:11:00,2024-09-13 21:05:00,1.0,60471.01,59612.46,-858.55,-1.4197718166069624
8913300020606842,Long,2024-03-09 09:44:00,2024-03-09 09:57:00,1.0,60331.83,60355.91,24.08,0.039904858281633274
4484078382410956,Long,2024-01-28 20:32:00,2024-01-28 21:14:00,1.0,60202.43,60487.6,285.16,0.47367660769039066
5444864207047188,Long,2024-11-10 05:57:00,2024-11-10 06:25:00,1.0,62947.8,62964.65,16.85,0.026762614379211735
2566007725833291,Long,2024-01-24 01:28:00,2024-01-24 02:20:00,1.0,60214.61,59618.26,-596.35,-0.9903708682918608
9178918890285680,Long,2024-04-10 15:04:00,2024-04-10 15:28:00,1.0,61168.93,61363.47,194.54,0.3180449907915275
6208472402941890,Short,2023-12-17 18:15:00,2023-12-17 19:08:00,1.0,60297.12,59780.08,517.04,0.8574893189757808
1314168767876330,Long,2024-05-22 05:35:00,2024-05-22 06:17:00,1.0,60358.26,59855.05,-503.21,-0.8337032046401522
8979410642546887,Short,2023-12-30 07:00:00,2023-12-30 07:10:00,1.0,60414.44,60540.44,-126.0,-0.2085605614409364
7618144476094925,Short,2024-03-10 04:28:00,2024-03-10 05:09:00,1.0,60903.14,60529.41,373.73,0.6136404202839184
3339139045692948,Long,2023-12-12 20:37:00,2023-12-12 21:08:00,1.0,60029.87,60453.54,423.68,0.7057762629903762
5877371458841935,Short,2024-10-16 05:29:00,2024-10-16 06:12:00,1.0,61377.76,61727.95,-350.19,-0.5705471833672852
4998780567137520,Short,2024-02-02 13:47:00,2024-02-02 14:46:00,1.0,60663.65,60362.91,300.74,0.49574846571069026
5692559551990383,Long,2024-03-19 19:37:00,2024-03-19 20:16:00,1.0,60337.2,61132.4,795.2,1.317929201228637
2462741978786396,Short,2024-08-12 22:05:00,2024-08-12 22:19:00,1.0,62070.56,61588.63,481.93,0.776417145206114
6097263921429714,Short,2024-05-11 05:04:00,2024-05-11 05:28:00,1.0,60702.31,60647.26,55.04,0.09067975945858797
8352907014991142,Short,2024-02-07 21:33:00,2024-02-07 22:02:00,1.0,60787.51,60542.71,244.79,0.4027047283595477
2356852594262963,Short,2023-12-31 11:38:00,2023-12-31 11:39:00,1.0,60258.22,60522.63,-264.41,-0.43878793614831335
6134873643933056,Long,2024-06-30 14:34:00,2024-06-30 14:39:00,1.0,62180.24,62594.52,414.28,0.6662582960440356
4172432136005236,Long,2023-11-05 02:54:00,2023-11-05 03:47:00,1.0,60015.58,59917.86,-97.72,-0.16282221073003392
6752365387505908,Long,2024-06-03 04:43:00,2024-06-03 05:19:00,1.0,60515.55,60079.95,-435.59,-0.719801062383446
1295512848470956,Long,2024-02-14 11:49:00,2024-02-14 12:16:00,1.0,60503.35,60120.28,-383.07,-0.6331406666000752
7120405127431804,Long,2024-09-05 23:59:00,2024-09-06 00:14:00,1.0,62345.93,62459.8,113.87,0.18264558551052795
3010513445142962,Short,2024-07-21 11:58:00,2024-07-21 12:23:00,1.0,61618.81,60740.69,878.12,1.4250905852135314
8566473037100773,Short,2024-09-11 23:09:00,2024-09-12 00:07:00,1.0,62144.54,62525.96,-381.42,-0.6137619231547633
2626332148392958,Long,2023-11-18 04:07:00,2023-11-18 04:40:00,1.0,60146.15,60617.17,471.02,0.7831242604433821
8995415293339372,Short,2023-12-17 20:57:00,2023-12-17 20:59:00,1.0,60313.3,61222.86,-909.55,-1.508045674778451
2561849140374348,Short,2024-04-05 03:36:00,2024-04-05 04:28:00,1.0,60266.09,59837.98,428.11,0.7103687729343923
9758414324078066,Short,2024-10-25 05:43:00,2024-10-25 06:40:00,1.0,62747.52,63255.15,-507.62,-0.80899441661174
4695527764722693,Long,2024-06-26 04:58:00,2024-06-26 05:31:00,1.0,62137.72,62020.46,-117.26,-0.18870433349102117
7646564849935193,Short,2024-06-03 17:49:00,2024-06-03 18:17:00,1.0,61879.2,62133.73,-254.53,-0.41133471794008386
6928102795473920,Short,2024-08-27 14:39:00,2024-08-27 14:56:00,1.0,60770.67,60905.62,-134.95,-0.22206662508944705
5487783371029781,Short,2024-09-19 11:14:00,2024-09-19 12:03:00,1.0,62572.3,62146.14,426.16,0.6810730248270325
6832625719776592,Short,2024-04-20 11:50:00,2024-04-20 12:28:00,1.0,61152.34,60970.31,182.04,0.29767701823387027
5995455319603197,Short,2023-11-04 21:41:00,2023-11-04 22:40:00,1.0,60029.17,60200.44,-171.27,-0.2853133211026207
1735039217407781,Long,2024-05-02 15:08:00,2024-05-02 15:37:00,1.0,60810.44,60844.17,33.73,0.05547487372461569
6117851216929563,Long,2023-11-23 13:59:00,2023-11-23 14:03:00,1.0,60190.64,59677.77,-512.87,-0.8520731354575
7356483559604376,Short,2024-01-13 16:26:00,2024-01-13 17:10:00,1.0,60341.42,60813.01,-471.6,-0.7815445794217267
8650968143520071,Short,2024-05-20 03:13:00,2024-05-20 04:03:00,1.0,61025.27,61104.04,-78.78,-0.12908921238381688
6987472826762570,Long,2024-09-02 23:52:00,2024-09-03 00:35:00,1.0,60188.43,59833.8,-354.63,-0.5891972588100935
3624573507747221,Short,2024-07-27 04:27:00,2024-07-27 05:09:00,1.0,61602.25,61834.56,-232.31,-0.37711555642822936
3291095660885388,Long,2023-11-13 16:03:00,2023-11-13 17:01:00,1.0,60052.17,59623.64,-428.53,-0.7135994774606511
4468023857997176,Long,2023-12-30 09:25:00,2023-12-30 09:28:00,1.0,60016.66,60015.67,-0.99,-0.0016446307398662247
2392381949129968,Long,2024-03-11 16:14:00,2024-03-11 16:32:00,1.0,61228.69,62188.12,959.43,1.5669570132545723
5203095303431552,Long,2024-06-08 18:41:00,2024-06-08 18:42:00,1.0,60147.49,60059.6,-87.9,-0.1461365078999122
2044904270798339,Long,2024-06-17 21:49:00,2024-06-17 22:41:00,1.0,61971.3,61572.18,-399.12,-0.6440392726813323
7593926605099440,Short,2023-12-14 04:11:00,2023-12-14 04:18:00,1.0,60153.92,59482.08,671.84,1.1168634708041358
3350310394096118,Short,2024-04-12 23:22:00,2024-04-12 23:49:00,1.0,60632.11,61017.82,-385.71,-0.6361436338703886
2681096388449615,Long,2024-04-08 04:28:00,2024-04-08 04:57:00,1.0,60289.54,59936.23,-353.31,-0.5860283619763323
9974825229003867,Short,2024-04-05 03:19:00,2024-04-05 04:08:00,1.0,60125.15,61050.03,-924.88,-1.538253058507868
9716666403826803,Short,2024-06-26 14:27:00,2024-06-26 14:50:00,1.0,61475.13,61115.48,359.65,0.5850361825599673
5945773953736536,Long,2024-07-03 16:52:00,2024-07-03 17:43:00,1.0,60554.63,61739.88,1185.25,1.9573281331988595
9226803830279978,Short,2024-09-11 05:30:00,2024-09-11 06:00:00,1.0,62276.31,62485.89,-209.58,-0.33653631560524144
3199074878377385,Short,2024-08-28 18:36:00,2024-08-28 19:29:00,1.0,62568.44,62246.15,322.28,0.5150903813181215
6112144535337468,Long,2024-04-12 12:05:00,2024-04-12 12:22:00,1.0,60086.63,61088.31,1001.68,1.66705746601668
5385511770820904,Short,2024-06-10 18:32:00,2024-06-10 19:14:00,1.0,60462.3,60532.67,-70.37,-0.11639443384409225
9104451680194421,Long,2024-01-15 05:18:00,2024-01-15 05:47:00,1.0,60253.24,60633.61,380.37,0.631287663735101
8661770359407176,Short,2023-12-19 05:16:00,2023-12-19 06:00:00,1.0,60113.53,60522.49,-408.96,-0.6803116608850773
6039639815212820,Long,2024-08-04 19:12:00,2024-08-04 19:37:00,1.0,62361.71,61405.3,-956.42,-1.533663513224876
1314490519236620,Long,2024-09-02 15:42:00,2024-09-02 16:37:00,1.0,60696.44,61109.28,412.84,0.6801696939801097
1731439893486663,Long,2024-11-12 21:30:00,2024-11-12 21:31:00,1.0,0,89594.99,89594.99,0
1731439974435159,Short,2024-11-12 21:31:00,2024-11-12 21:31:00,1.0,89594.99,89594.99,0.0,0.0
1731439980240698,Short,2024-11-12 21:32:00,2024-11-12 21:32:00,1.0,89594.99,89681.86,-86.86999999999534,-0.09695854645443383
1731439989359927,Long,2024-11-12 21:32:00,2024-11-12 21:33:00,1.0,89681.86,89590.15,-91.7100000000064,-0.10226148297995424
1731440041651250,Short,2024-11-12 21:33:00,2024-11-12 21:33:00,1.0,89590.15,89590.15,0.0,0.0
